{"cameraMode":{"drawMode":0,"name":"Shaded","section":"Shading Mode"},"sceneLighting":false,"audioPlay":false,"sceneViewState":{"showFog":false,"showMaterialUpdate":false,"showSkybox":false,"showFlares":false,"showImageEffects":false,"showParticleSystems":false},"in2DMode":false,"pivot":{"x":1.506725549697876,"y":0.3817439079284668,"z":1.381669044494629},"rotation":{"x":-0.03183099254965782,"y":0.9628893136978149,"z":-0.131088986992836,"w":-0.23379769921302796},"size":3.9222404956817629,"orthographic":false}