{"cameraMode":{"drawMode":0,"name":"Shaded","section":"Shading Mode"},"sceneLighting":false,"audioPlay":false,"sceneViewState":{"showFog":false,"showMaterialUpdate":false,"showSkybox":false,"showFlares":false,"showImageEffects":false,"showParticleSystems":false},"in2DMode":false,"pivot":{"x":237.5,"y":290.8999938964844,"z":-0.30000001192092898},"rotation":{"x":0.019142737612128259,"y":-0.0276775062084198,"z":-0.0021367454901337625,"w":-0.999688982963562},"size":70.71131134033203,"orthographic":false}